Retours sur les bonnes et mauvaises pratiques de cours durant la situation sanitaire														
Détails de la soumission							Avez-vous rencontré des difficultés de communication avec au moins un.e enseignant.e depuis septembre ?							
Séquentiel	En quelle année êtes-vous ?	Quels sont les cours qui vous appréciez suivre à distance ?	Selon vous, pour quelles raisons ces cours sont-ils plus faciles/agréables à suivre ?	Quelles sont les bonnes pratiques à généraliser d'après vos retours précédents ?	À l'inverse, quels sont les cours difficiles à suivre et pour quelles raisons ?	Avez vous pu en parler avec le.s enseignant.e.s ? Quelle a été leur réaction.s ? 	Pas de réponse à mes questions/mails	Délai(s) de réponses de plusieurs semaines	Délai(s) de réponses de plusieurs jours	Pas de problèmes de communication	Ne souhaite pas répondre	Autre (à préciser dans le champs de texte ci dessous)	Autre : 	Si vous souhaitez laisser un commentaire global, n'hésitez pas : 
1	L2	OL4 , EA4 et langage C	Nous avons tous a notre dispositions pour faire  les  TP en autonomies car ce sont surtout de la programmation et les profs sont attentifs à l’avancée des élèves 	Utilisez des moyens afin que tous les élèves puissent suivre le cours correctement (Visibilités des Diapos ou de l’écriture)	Mathématique surtout car le prof faisait le cours en filmant un tableau et donc on ne voyait pas grand chose	On lui a parler de ce problème et désormais il utilise une tablette afin que l’on puisse enfin voir ce qu’il écrit				X				Je pense que les professeurs font de leurs mieux mais ne sont pas encore tous habitué à travailler en distance 
2	M2	"S1 - Modélisation et spécification ; Anglais ; Fouille de données
S2 - Méthodes formelles approche probabiliste ; Optimisation"	"Pour l'anglais, parce que tout le monde active sa caméra donc l'interaction est plus naturelle
Pour les autres, le format des courtes vidéos est très bien et plus facile à suivre qu'un CM distanciel de 3h. De plus le crénaux du cours est reservé aux questions/réponses sur les vidéos."	"Courte vidéos
Caméra activées"	"S1 - méthodes formelles de verification; Archi
S2 - Algo répartie (!!); Archi; administration systemes reseaux

Bloc de 3 ou 4h, bcp trop dur à suivre en distanciel. 
Architecture des systemes d'information : trop de taff (1 TP à rendre par semaine, ça prend tout mon temps)
Algo repartie : concepts flous, cours trop long 
Administration systeme reseaux : l'enseignant fait de son mieux, c'est pas idéal mais je pense qu'on peut pas faire mieux"	La plupart disent qu'il n'y a pas d'autres solution		X	X					
3	L3	Algorithmie	Les vidéos et le contenu étaient super intéressants 	Des vidéos détaillées mais pas trop longues, une disponibilité constante des enseignants 	"Ocaml
Logique
Cpoo"	Non	X	X	X					
4	M2	"modélisation et spécification 
Méthodes formelles 
"	Des vidéos de cours d'une vingtaine de minute, les slides à coté qui nous permettent de revenir facilement sur certains points, on peut faire les td de notre coté et des moments de questions/réponse et correction pas trop lourd à suivre 	"pas des moments de cours trop longs, à distance la concentration est plus fragile, (soit des vidéos courtes, soit des moments de td dans le cours avec des exemples ou des applications directes pour impliquer les étudiants) 
des profs qui répondent aux questions 
Chercher de l'interaction pour éviter que les étudiants décrochent
"	"des problèmes techniques
prof absent, qui nous laisse que des slides, sans td ni tp et derrière on doit faire un examen dont on a aucune information ni idée de ce qu'il va nous arriver
pas de réponse à des mails, ou des réponses approximatives
des profs qui n'ont pas de réponse sur leur propre cours et dont les informations changent d'une semaine à l'autre "		X		X					"On sait que c'est pas simple pour tout le monde, mais en tant qu'étudiant c'est notre avenir qu'on prépare donc c'est normal qu'on soit inquiet. 
merci aux membres de IP7 qui essaient de créer un peu de sociabilisation dans la promo pour nous remonter le moral et lutter contre l'isolement, merci à eux de s'occuper de nous écouter et de servir d'intermédiaire !! "
5	L3	Algorithmique, pf5, reseaux	Des vidéos courtes, claires, et utiles. Dès polycopiés de cours très claire. Des questions réponses parfois inutile car bcp de questions pas essentielles voir hors cours,mais très utile pour lever des doutes lors de la vision des vidéos.	Les vidéos de cours sur youtube, avec un format assez court. Des vidéos compactes de cours, c'est plaisant. 	Tous les cours de mathématiques : algèbre, calcul diff, isf6, mais aussi le cours de système.. J'ai oublié le cours optimisation(maths) dans les cours super biens, le prof nous fait participer et a un système de cours vraiment super, on a 4 heures d'affilé avec lui, et c'est le cours qui passe le plus rapidement de la semaine.	Non pas trop, mais il faut que les deux partis soient ouverts à la discussion, ce qui hélas n'est pas toujours le cas.	X	X				X	En général c'est ok, ça relevé de l'exception en général.	gions les vidéos, 30min de vidéos sont bien plus bénéfiques que 2h de cours parfois. Regarder le cours d'algo de François Laroussinie ou le cours de réseau d'Arnaud Sangnier ou bien même le cours d'optimisation de Guillaume Garrigos.
6	M1	"Tp de base de données avancé avec sylvain schmidt

Cours de genie logiciel td et tp

Anglais"	Mise en place d aides (slides de cours, notes,ou d interactions a l aide de discord entre autre)	Mise en place d un suivis réel des etudiants	"Base de données avancé
Pas de supports de cours + passage rapide sur les slides.

Ou le cm de protocoles réseaux de 18 a 20h noté en 100 % exam"	Un non			X			X	Le prof de droit informatique. Aucun vrais contacts avec lui. Son cours est transmis depuis d autres profs	"Il faudrait plus de communication entre les profs et eleves peut etre instauré 1 h de ""suivis"" peut etre par mention de master"
7	M2	MAAIN	"Intéractivité
Enregistrement des cours
Pédagogie
Humour
Durée courte"	"Enregistrement des cours
Durée courte"							X			
8	L1	Les cours de CI sont faciles agréables à suivre à distance.	Les cours de CI et d'IO étant en direct ne posent pas de problème quant à la compréhension, étant donné que nous pouvons poser des questions directement. Pour les cours d'IP2, les cours sont postés sur Youtube. Pour faciliter la compréhension, le professeur a décidé d'organiser des séances de questions réponses lorsqu'il y a des gros blocs de nouvelles informations.	"Il serait intéressant d'organiser des séances de questions-réponses pour tous les cours ou du moins avoir plus d'horaires de tutorat car certains ont cours pendant la seule horaire proposée. 
"						X				
9	M2	Optimisation	"Le cours est donné sous format de plein de petites vidéos YouTube de 5min chacune (quand le prof ne fait pas le cours en partie en presentiel). C’est hyper pratique, on peut accélérer les parties plus faciles ou que l’on connait déjà et réécouter les éléments plus compliqués. Résultat on s’ennuie moins, et on prête plus attention aux éléments importants. La division en plusieurs petites vidéos rend aussi plus facile de retrouver plus tard un élément précis du cours. Et le prof est dispo plus tard pour répondre à nos questions. (Perso, j’ai du mal à voir quel élément du cours me pose problème au moment où le prof en parle et c’est souvent après, quand j’ai un peu étudié la chose et que j’ai aussi une meilleure vu d’ensemble que je me rends compte que j’ai des questions)
(No comment pour les TPs de ce cours par contre, je sais que le format n’est pas la tasse de thé de tout le monde et je comprends aisément pourquoi même si ils ne me posent pas trop de problèmes personnellement)"	"Je trouve un peu bête de vouloir absolument recréer un cours en amphi quand on fait du distanciel, une situation différente requiert d’après moi des méthodes différentes. On apprend un peu par correspondance actuellement alors les méthodes des cours par correspondance sont peut-être plus adaptés. Juste parce qu’on a la technologie pour recréer le cours en live ne signifie pas que c’est la méthode idéale. Les étudiants s’endort devant (même pour des cours intéressants et bien animés) et les profs ont l’impression de parler dans le vide (cas aggravé quand c’est notre dernier cours de la journée et qu’on est assommée par les nombreuses heures coincées derrière un écran)
Bref, c’est mon ressenti personnel mais je trouve que c’est difficile de s’impliquer dans un cours zoom/bbb etc alors que donner l’accès à un cours que les gens regardent quand ils veulent plus un petit td ou tp à rendre plus tard pour s’assurer que les étudiants en compris marcherait mieux ? (Ça demande une certaine rigueur de travail mais pas forcément beaucoup plus que d’essayer de suivre un cours par zoom, se rendre compte qu’on a phasé tout du long et donc ne rien comprendre au tp)"	"Algo répartie, pas beaucoup plus fautif qu’un autre de faire des cours zoom, c’est même pas un problème de cours pas intéressant ou mal animé... juste qu’on enchaine juste après Prog répartie (3h) et donc ça fait 6h de cours zoom à la suite et le prof lui-même se rend bien compte qu’on est assommé et qu’on a le quotient intellectuel d’un navet pas frais en essayant de suivre son cours ou de répondre aux questions.
"	Oui il le sait, il est le premier à désespérer de notre manque de réaction mais on a pas vraiment de solution là...				X				"Si je pouvais mettre un meme, j’aurais mis « Sometimes... technology that are more modern... are worse »
Des bisous (de très loin) à vous ! Merci pour tout ce que vous faites !"
10	M2	"Le TD de Sylvain Perifel en MAAIN qui est bien géré, ainsi que son cours.
Le TD de POCA au 1 er semestre."	"Le prof prend le temps de prendre nos feedbacks, le cours est interactif en MAAIN très bien.
Egalement, POCA le prof prenait le temps de répondre au question, on avait des horaires précis pour les feedbacks en groupe, donc pas d'attente inutile dans un salon vide. Il nous a également parlé de ses expériences dans le monde professionnel ce qui enrichissant à l'approche de la fin de nos études.

J'ajouterais également que le cours de BDDspé avait une bonne communication, les enseignant.e.s nous ont tenu informé des difficultés rencontrés au long du semestre, ce qui a permis une bonne compréhension de ce qui se passait notamment pour la mise en place de l'examen en présentiel. "	"Prendre le temps de consulter les étudiants par petits groupes. 
Envoyer des mails à tous les étudiants et les tenir au courant des difficultés rencontrées.
Faire des pauses de 15 min obligatoires toutes les 45 mins. 
Si possible ne pas faire des cours de plus de 2h, interchanger les matières pour que l'on puisse un peu s'aérer le cerveau. 
Mettre en place du présentiel en hybride pour les cours ou nous sommes peu, avec un roulement si il n'y a pas la place pour tous, et rétablir un peu de lien social. 
Mettre à disposition des enregistrement et le support de cours.
Mettre à disposition les correction des TP/TD.
Mettre des petits sondages pendant le cours, ou des quizzs pour recréer de l'interaction et nous ""obliger"" à suivre.
"	"Le cours d'algorithmique répartie, qui est la définition même du mot soporifique, manque d'interaction blâmé sur les étudiants qui ne posent pas de questions, car surement perdu ou ayant décrochés depuis plusieurs minutes. 

Le cours de GRI, qui ne propose d'enregistrement (à ma connaissance), et qui est aussi laborieux à suivre (en cours, le td est mieux géré en subdivision en petits groupes), mais des efforts notables sont fait pour l'interactivité du cours, je me contenterais donc de reprocher l'absence d'enregistrement. Peut être quand même rajouter une petite pause.

Le cours d'architecture des bases de données, qui d'un point de vue enseignement est vide de sens à mon avis : nous savons comment un disque dur fonctionne, on a déjà eu un cours de système en L3, je ne comprends pas. Des TPs dans lesquelq nou n'avons ni le droit d'utiliser des APIs, ni des boucles for, ni des opérateurs ternaires ni mêmes des =+ !! On est un peu prit de haut, on reçoit des feedbacks de TPs sans code d'erreur quand ils ne marchent pas sur la machine du prof , seulement des ""Ca ne marche pas chez moi, vous pensez truelle"", ça n'aide pas. Cela dit les quizzs pendant le cours nous obligent à suivre."	On se sent peu écouté par les profs avec lesquels ça se passe mal. On a déjà du mal à parler parce qu'on sait que c'est compliqué pour tout le monde, mais on est quand même blâmé/culpabilisé quand on le fait (encore une fois avec ceux avec qui ca en se passe bien, il existe heureusement des enseignants bienveillant et on le sait, mais c'est terrible de constater le fossé entre ceux qui s'en fichent et les autres).			X					C'est terrible de voir que tous le monde s'en fiche. La charge mentale est tout le temps sur les mêmes enseignant.e.s qui font des efforts incroyables, alors que les autres nous laissent couler et peu leur chaud les sondages et les retours démontrant le mal êtrre généralisé dans lequel nous sommes. 
11	L2	Aucun, semestre passé il y avait POO qui etait bien et AAL 	Aucune idée	Les profs attentifs, et présent, compréhensible....	Outils Logiques, EA dure a suivre car cours difficles, amphi tres dur a suivre.					X				
12	L3	Aucun	"Ils ne le sont pas, aucun cours n'est agréable à suivre à distance selon moi. 
Le seul moment où j'arrive à travailler pendant la séance sont quand, en TP/TD les profs nous placent dans des mini Salons pour pouvoir travailler en petits groupes (en GA par exemple ou encore BDD plus rarement) "		"Tous, j'ai beaucoup de mal à me concentrer chez moi, étant dans un environnement pas très propice au travail, avec beaucoup de distractions, j'ai du mal à rester concentrée plus de 5min sur un cours. 
Les cours ou le prof parle pendant 2h non stop sont particulièrement difficiles à suivre. 

Le cours d'anglais avec Mme Brown est aussi beaucoup trop lent et inintéressant, comparé aux retours que j'ai pu avoir des autres groupes avec d'autres enseignants. 
"	Non						X	Je ne communique pas trop avec les profs. 	
13	M2	"- Programmation Synchrone
- Transformation de programmes
- POCA
- Modélisation et Spécification
- Programmation Comparée
- MAAIN"	"- Prog Synch : l'organisation des groupes de TD sur Discord ainsi que l'ajout d'aspects interactif et récréatif lors du cours de M. Guatto permettait d'arriver à continuer de suivre le cours.
- Transformation de programmes : M. Letouzey nous présente pas-à-pas les éléments et reste connecté pendant la période du TD pour que nous puissions lui poser des questions tout en restant libre à côté
- POCA: le cours consistait en des travaux autonomes permettant de travailler de manière asynchrone. Le contenu du cours dépendant de ces travaux, les personnes voulant de l'approfondissement pouvait suivre le cours et les autres faire autre chose à la place.
- Modélisation et Spécification : Le fonctionnement par capsule vidéo de 20 minutes de cours ou de td permettait de suivre le cours de façon asynchrone. Les séances de TD étaient donc dédiées aux questions ce qui permettait de prendre le temps de digérer les informations.
- Programmation comparée : le cours étant un cours interactif, cela fonctionne bien, car les étudiant.e.s peuvent agir en direct. En outre, l'ouverture offerte par les sujets permet de travailler sur ce que l'on aime.
- MAAIN : l'enregistrement des vidéos permet de reprendre le cours à tête reposée si jamais on n'a pas suivi. La méthode de travail de M. Perifel par schéma permet de bien visualiser le cours. Enfin la durée de chaque créneau est inférieure à deux heures ce qui permet de plus facilement suivre."	"- L'enregistrement de vidéos et/ou notes de cours
- La mise en place d'activité interactive : aller chercher les étudiant.e.s
- La centralisation des informations pour ne pas avoir à s'éparpiller (discord, git, ...)
- Avoir une uniformité visuel dans les slides (dur à suivre sinon)
- En cas de cours synchrone les pauses permettant de couper les longues sessions : le cerveau n'est pas fait pour regarder un écran pendant trois heures.
- Être clair sur ce que l'on attend dans ce cours des étudiant.e.s (prise d'autonomie pouvant être un attendu comme en prog sync)."	"- AST : M. Bernnardi fait tout ce qu'il peut, mais 3 de maths, un lundi, à 18h30, c'est pas possible.
- Protocole des Services internet / prog répartie : le manque d'uniformité des slides pose problème pour arriver à suivre. Il est aussi complexe de se concentrer pendant trois heures sur un sujet comme tel. Il pourrait être bien de rajouter des pauses + introduire des phases pour montrer des exemples.
- Prog Logique : c'est un peu compliqué de suivre le cours, mais M. Treinen fait des efforts."	Pour la plupart ils ont été compréhensif.ve mais certains ne s'intéressent vraiment pas au problème soulevé.		X						"Courage aux enseignant.e.s qui font des efforts pour nous. Nous savons que ce sondage ne servira qu'aux personnes qui écoutent déjà des étudiants et que ceux et celles qui ne s'intéressent pas ne seront  toujours pas là.
Courage aux autres ! "
14	M1	"Pour le M1 tous les cours se sont bien déroulés dans l'ensemble pour moi. 
Compilation (et tous les autres cours ou M.Guatto intervenait)
Progra fonctionnelle
Progra Système
Algo 
"	"Les cours/TP géré par M.Guatto sont fluide et super bien organisé ! Il y'a toujours un support ou une trace de ce qui a été vu (ou expliqué) et ce qui est à voir. L'organisation est vraiment super ce qui facilite grandement le suivis de la matière (serveur discord bien organisé ce qui facilite les échanges + disponible par mail)

Programmation Système: Mme.Poulalhon et Mme.Klimann ont mis en place un environnement de travail plus qu’appréciable via un serveur discord et la possibilité de s'isoler dans des mini-salons lorsqu'on a des questions.

Pour le cours d'Algo Mme.Laplante faisait cours via un tableau en ligne et faisait ses preuves en même temps que nous ce qui était vraiment top et donnait l'impression d'être en amphi. Mme.Laplante a tout fait pour que l'ont puisse suivre le module de façon optimal mais le TD en présentiel me semblait vraiment indispensable et ça, malheureusement, elle ne pouvait rien y faire.
"	"En faite les cours géré par des plateforme comme discord sont plus agréable a suivre parce que ça permet de tout centraliser et d'avoir un point de communication constant avec le ou les profs durant le semestre. De plus, suivre le cours via un partage d’écran dans un salon vocal comme le faisait M.Guatto me mettais plus à a l'aise pour interagir.
Grace a discord on pouvait splitter les étudiants en mini-groupe pour pouvoir travailler ensemble sur le sujet avec le prof qui passait en fonction des besoins et ça je trouve que c'est vraiment super !"	"DROIT DE L'INFORMATIQUE mais rien a voir avec l'UFR

Pour un module on a du regarder des video pre-enregistre nous meme et honnetement c'est la pire chose. Mais c'était pas volontaire je pense qu'il n'y avait pas d'autres solutions et les chargés de TP ont fait au mieux."	Oui mais c'était pas volontaire le prof ne pouvait produire de cours en live. J'imagine qu'il a du en discuter avec les chargés de TP puisqu'ils ont tout fait pour que ça se passe au mieux.				X				Le cours de circuit archi le prof a changé la durée de l'examen sans prévenir avant (2h -> 1h30) ce qui a engendré beaucoup de stress durant l'examen + beaucoup d’étudiants se sont plain de ses remarques déplacées durant l'examen et déstabilisantes. Sa notation a été beaucoup trop sévère étant donné le contexte. Il y'a une énorme différence entre les notes d'examen et les notes de projet.
15	L1	IP2 (partie cours)	Les vidéos permettent d'avancer à son rythme. C'est un bon point. Ce format est mieux que les diapos, qu'on ne retrouve pas forcément pour d'autres matières (si on n'a pas pu assister au cours en direct).	Les vidéos sont un très bon moyen de présenter les cours. Les diapos le sont aussi du moins qu'on puisse les avoir en accès.	"Les cours de concept informatique et d'internet et Outils sont difficiles à suivre. Il faut suivre tous les cours qui sont longs car les profs passent du temps sur les mêmes diapos. Si on rate ce qu'ils disent, on ne retrouve pas forcément retrouver les diapos sur Moodle et on se retrouve pénalisé. Le problème est que tous les cours ne sont pas mis à disposition. On manque alors des parties, ce qui fait diminuer notre compréhension. 
Il est alors difficile de suivre le rythme sans le support de tous les cours."	Ils semblent vouloir continuer ainsi.				X	X			J'aimerai que tous les cours (diapo) soient accessibles après que les profs les aient présentés. Merci.
16	L2	TP de langage C par Mr. Charabit	Langage C (même sans assister aux CM mais juste par les slides) 	Avoir des slides suffisamment détaillés en explication, et savoir expliquer les choses de façon entraînante pour les étudiants (et ne pas simplement dire à tout va “il suffisait de demander en cours” quand un élève pose une question sur discord par exemple; il faut prendre en compte le fait que tout le monde n’est pas à l’aise socialement pour poser une question quand une centaine d’autres étudiants sont présents, et plus généralement quand on ne veut pas ralentir le cours)	Éléments d’algorithmique-CM (EA4), parfois on a l’impression que les explications sont un peu vagues surtout pour les demonstrations 	Non (peur de l’enseignante qui semble assez sévère dans le discord...)				X				Je sais que tous les enseignants font de leur mieux et que c’est difficile pour eux aussi. C’est pourquoi j’espère que les critiques (bien qu’à visée constructive) ne seront ni trop dures, ni prises (relativement) personnellement... 
17	L3	"Les cours d'option marchent assez bien à distance je trouve.
Les TP/TD où l'on doit tous faire les questions ensemble, je trouve ça un peu long et fatiguant."	Les cours magistraux en visio sont agréables à suivre à partir du moment où le•la professeur•e est intéressé•e et si le cours n'est pas trop lent. 	"Aller à l'essentiel sur le contenu du cours, tout en se permettant de digresser sur autre chose de temps en temps. Les vidéos de cours sont un bon support lorsqu'elles sont travaillées, même si cela est chronophage.
Je pense également que durant les visio de cours magistraux une pause toutes les heures serait bienvenu."	Les TP/TD on l'on doit suivre questions par questions tous ensembles me fatiguent.	Je n'en ai pas parlé car le fonctionnement du cours ne me convient pas mais je pense qu'il contient à d'autres.	X							
18	M2	MAAINF	Le prof est agréable à écouter et il nous donne envi de l'écouter.	Prendre le temps de lire le chat de temps en temps pour vérifier les étudiants ont posé des questions. Pas tout le monde peut utiliser le micro.	Programmation répartie. La prof est bien mais elle va trop vite, pour une personne qui n'a jamais fait de concurrence j'ai du mal à suivre la matière..	Je n'ose pas en parler, j'ai l'impression d'avoir trop de retard et que ça ne servirait à rien d'en parler.				X				Cette année on a été forcé de prendre certaines matières (je ne blâme pas les enseignants, ils n'avaient pas le choix) et je ne pense pas pouvoir les valider. Déjà à cause du manque de motivation (isolation, anxiété..) et surtout parce qu'elles ne m’intéressaient pas. Je ne veux pas devoir refaire mon année à cause de ces matières. J’espère que le jury prendra en compte ce genre de cas.
19	L2	J'ai perdu la motivation pour la licence avec le distanciel, mais les cours que j'apprécie tout de même sont ceux d'Outils Logiques avec Amelie Gheerbrant, les TP de C avec Matthieu Picantin sont également appréciables. Je ne vais pas tous les citer mais globalement, tous les cours que je suis sont plutôt appréciables.	Les cours les plus appréciables à suivre en distanciel sont ceux où nous ne sommes pas tous réunis, ce qui n'est malheureusement possible qu'en TP. Par exmple en langage C, nous sommes répartis en petits groupes et faisons le TP ensemble	L'interactivité 	Les cours non interactifs commes les cours magistraux. Certes, même en présentiel ils ne sont pas interactifs, mais en distanciel je constate pour moi une grande différence	Je ne leur en ai pas parlé				X				
20	M1	Aucun 	Aucun n’est agréable 		Base de données 	Non	X							Les profs nous partagent leurs écrans juste pour nous lire le cours 
21	M1	Beaucoup trop, mais ce semestre Algorithmique avancée et complexité, le semestre dernier Calculabilite et Complexité avec Mr. PERIFEL, et Automates avancés avec Mme.BERTHÉ	Les professeurs nous donnent toutes les ressources nécessaires pour qu'on puisse d'un cours à l'autre bien assimiler les connaissances. Mr. PERIFEL essayait de nous separer les créneaux de 2h en une heure de TD et une heure de cours. On interagissait beaucoup même dans le cours dans les cours de Mme. BERTHÉ	Rendre le contenu du accessible le plus possible hors des heures de cours, pour pouvoir bien suivre d'un cours à l'autre, surtout les rediffusions. Ne pas enchaîner 4 heures de cours. 	C'est peut être bête mais ne plus avoir de moment à la fin du cours pour poser une question à l'oral est handicapant. Peut être que les profs pourraient rester un petit peu plus après la fin du cours, laisser partir ceux qui le veulent et voir s'il y a des questions					X				
22	M1			Enregistrer les cours						X				"Les emplois du temps : ne pas enchaîner 4 heures du même cours, pas avoir 8 heures de cours dans la même journée. 
"
23	M1	GLA	Super intéressant.		Basées de données avancées. CM: Cours très théorique.	Non.					X			
24	M1	Le TD de base de données avancées, le cours de réseaux (même le TD de réseaux) et le cours d'anglais	ils sont efficaces, interactifs sans trop forcer les étudiants. Pour le TD, par exemple le prof prépare les réponses sur discord, les affiche progressivement, après nous avoir laissé 10 minutes pour essayer de répondre seuls (on répond en mode spoiler sur discord et il corrige individuellement à chacun).	Le TD de bases de données donné par Sylvain Schmitz	Cours de bases de données, car non seulement la prof ne nous donne pas de slides ni aucun support de cours, ce qui fait que si on loupe un cours il n'y a aucun moyen de le retrouver. Une fois, j'ai perdu ma connexion internet à la moitié du cours, et je n'ai donc pas pu suivre le reste du cours. à ce jour j'ignore ce qui s'est dit ou étudié pendant mon absence, tout ça à cause de mon problème d'internet et du REFUS de la prof de donner le support de cours, même dans cette situation	"Après 4 mails sans réponses à la prof, je n'ai même pas pu obtenir un slide ni même l'enregistrement (car elle en fait). Si elle fait un enregistrement des cours, à quoi servent ils si ce n'est pas poru les donner aux étudiants n'ayant pas pu suivre ou ayant eu des soucis de connectivité.
Il a fallu spammer l'enseignante à 4 ou 5 reprises par mail, et malgré ça, je n'ai obtenu comme réponse qu'une simple redirection vers des ouvrages de bibliothèque."	X		X					Grosso modo, les enseignants font franchement leur maximum et ça se passe très bien, modulo ce problème que j'ai décrit au sujet du cours magistral de bases de données. Heureusement qu'on a un prof de TD exceptionnel dans cette UE.
25	L1	Cours d’info	Plus facile car plus exacte et ne depend pas que du prof et de son enseignant	Il faut que les enseignants repondent a tout les mails et se doivent de scanner les copies	Mathematiques : depend du professeur, ne suit pas toujours les feuilles de TD ou les enoncés des exo, les déroges, ne repond pas aux mails, nous ghost	Oui anonymement au cas où de retombé, réaction : nada	X							Il ne faut pas que les étudiants aie leur copies du partiel 5 min avant de passer l’examen. Dans ce cas, le partiel sert juste à nous noter (sans progression par consequent) et non nous corrigé et apprendre... par ailleurs meme un scan à uniquement ceux qui demandaient a deja été refusé (ghosté par l’enseignant de CM, malgré les demandes de l’enseignant de TD à ce dernier parfois)
26	M2	Méthodes formelles et approche probabiliste	On travaille à notre rythme. Ce n'est pas forcément réalisable pour tous les cours et je me doute que ça prend beaucoup de temps pour l'enseignant, mais c'est vraiment agréable car comme on reste toujours à la maison, on a des pics de motivation et devoir faire un TD avant une certaine date pour que la correction soit utile, c'est plutôt motivant pour moi.	Les vidéos suivi d'un TD à préparer, l’interaction avec les élèves (des questions, interroger les élèves, les sondages bbb sous forme de petit quizz...). Typiquement, les sondages bbb ne prennent pas beaucoup de temps et ne sont pas difficile à préparer et permettent de mettre un peu d'interaction dans le cours.	"Programmation logique et par contraintes. C'est un cours intéressant, mais je le trouve personnellement que la partie cours est difficile à suivre.  Mais il y a un réel effort de l'enseignant qui fait bien attention aux questions dans le chat et répond tout de suite. Les TP sont très bien.

Protocoles des services internet était difficile à suivre car aucun TD, des supports de cours faits pour une présentation orale et donc quasi inutilisables tel quel. Le projet en grands groupes par contre était motivant."	Non				X				On constate très clairement des efforts de certains enseignants, et merci à eux ! Je me doute que c'est très difficile de rendre un cours interactif quand on est soi-même à parler devant en écran, parfois sans retour oral ou écrit, sans voir la réaction des étudiants après une explication. Mais il est vraiment plus difficile de suivre les cours à distance de base, alors quand il y a aucune interaction c'est quasiment impossible, même pour les cours qu'on trouve très intéressants.
27	M1	"Un cours vraiment bien fait est le tp de base de données avancées avec Sylvain Schmitz. Le prof suit le sujet du tp etape par étape, nous donne un peu de temps pour réfléchir aux réponses, on peut donner nos réponses sur le discord et en privé il prend le temps de nous dire individuellement ce qui va ou pas et surtout une fois le temps écoulé il a déjà préparé la réponse et le schéma qui va bien. Très agréable à suivre.
Le cours d'anglais avec Lindsey Peak est agréable également."	Je pense qu'il y a une bonne préparation des cours en amont et les profs essayent vraiment de nous impliquer dedans.	"Je pense qu'il faut plus preparer les cours (les réponses aux tds/tps par exemple) en avance.
Et essayer de rendre le cours interactif."	"Les amphis de manière générale sont compliqués à suivre je trouve.
Particulièrement l'amphi de base de données avancées on a vraiment l'impression que la prof lit un texte (plus elle refuse de nous donner les slides du cours donc c'est un peu dur de retravaillé derrière quand on a eu du mal à suivre).
Le cours de droit informatique est également problématique le prof est complètement absent on se sent vraiment abandonnés, les mails reçoivent une réponse seulement après plusieurs semaines."	Non pas vraiment.		X						
28	M1	"- Le TP de programmation système avancée avec Ines Klimann et Dominique Poulalhon
- Le TP/TD de base de donnée avancées avec Sylvain Schmitz
- L'anglais"	"Les TP sont très faciles à suivre car ils se font sur Discord, il est très simple pour les étudiants de poser des questions, que ça soit à l'écrit ou à l'oral.
Pour le TP de prog système avancée, on est dans un vocal avec tout le monde et quand on a une question on peut soit la poser à l'écrit soit à l'oral, soit en allant dans un autre petit channel ou le prof vient nous voir, on peut partager notre écran, etc... Personnellement dans cette matière je ne ressens pas la différence entre du présentiel et du distanciel. On est laissé en autonomie sans être abandonné, les professeurs sont très présentes pour répondre."	Avoir un vocal principal et plusieurs petits ou les étudiants peuvent s'isoler pour poser des questions car il n'est pas simple de prendre la parole devant toute une classe. Et un endroit où les professeurs peuvent répondre à l'écrit ou mettre ce qui a été fait rapidement pendant la séance et ce qui est à faire pour la semaine d'après.	"Le cours de Base de donnée avancée avec Cristina Sirangelo, nous n'avons pas les slide et il est très compliqué de suivre son cours à distance. De plus le cours n'est pas enregistré publiquement, et elle passe des slide en disant qu'on les lira plus tard sauf qu'on a pas les slide... 
Circuit et Architecture, le professeur de TD a demandé une fois l'adresse mail des étudiants (une dizaine sur la trentaine inscrit dans le cours) et envoyer les liens pour suivre le cours toutes les semaines donc on devait se débrouiller pour l'avoir avec les autres.
Programmation orientée objet avancée, c'était compliqué on avait que des videos pour les amphis toutes les semaines, très compliqué à suivre surtout qu'elle n'était pas dans l'ordre dans lequel on faisait les td. Mais le professeur a eu des problèmes et n'était pas là pendant deux mois donc ils ont du faire avec les moyens du bord.
Au premier semestre vu que tous les cours n'étaient pas en distanciel, ou inversement il y avait des cours qui se suivaient ou qui se superposait."	Pour Base de donnée avancée elle nous a répété plusieurs fois qu'elle faisait ça pour notre bien pour qu'on soit obligé de suivre. Mais suivre 2h de cours en prenant des notes à distance c'est beaucoup plus compliqué qu'en présentiel. 			X			X	Quand on posait des questions à M Guatto par mail (pour Circuit et Architecture) les professeurs étaient condescendants	Le distanciel peut être très agréable si les professeurs sont impliqués, qu'ils ont cherchés un moyen de faire leur cours pour aider les élèves, et les autres qui veulent la manière la plus simple. Faire un TP/TD sur Zoom/bbb n'est pas vraiment adapté dans la plupart des cas. Cela laisse les étudiants les plus en difficultés qui n'osent pas poser de questions sur la touche, et le cours est mené par ceux qui comprennent le mieux et donc ça va extrêmement vite.
29	M1	"Pendant le premier semestre les cours de Compilation et de POO étaient les plus agréables à suivre à distance.
Actuellement les matières les plus agréables à suivre sont Système et anglais.
"	"Le fait que le prof utilise des outils simple et interactif ou que le cours soit bien préparé pour le format distanciel joue beaucoup.
Par exemple les tds de systèmes sont super interactif et le format est très bien pensé, pour anglais je trouve que les profs se sont bien préparés au distanciel. Par contre la totalité de nos cours magistraux reste extrêmement difficile à suivre, il est très dur de rester concentrer pendant 2h sur un powerpoint très chargé et un prof qui parle en continu pendant 2 heures."	"Pour les tds, mettre en place un serveur discord, faire pleins de channel pour que les gens trouvent leur place et laisser des channels pour qu'ils viennent poser des questions plus sereinement est un must. Pas mal de prof on adopté se format et c'est très plaisant à suivre.
Pour les cours, actuellement peu de cours sont facile ou agréable à suivre, les seuls cours de l’année qui ont été agréable utilisait discord étaient très interactif, les profs se basaient d'avantages sur des exemples que sur un cours tout préparé à écouter. On avait aussi certain prof qui résumait des parties de leur cours dans des vidéos et c'était parfait car on pouvait les écouter beaucoup plus sereinement et surtout revenir en arrière quand on comprenait pas. 
Et je pense que si les cours était résumé à des vidéos thématiques plus courtes que des cours de 2 heures et des petites sessions de questions réponse ou juste un serveur discord pour poser des questions ça serait parfait. j'ai personnellement pu être à un seul cours de POO mais c'est pourtant un des cours que j'ai pu le plus suivre grâce aux vidéo mise en ligne par le prof."	"Pour le premier semestre le cours le plus difficile à suivre a été Algo car les horaires changeaient souvent, les profs aussi et c'était très difficile de s'organiser pour la matière, il y a eu quelques incidents techniques et le format de cours était difficile à suivre (et le fait que la matière est difficile pour moi n'a pas aidé non plus). Le fait d'avoir aucune information sur les notes de mi semestre (en novemebre) na pas du tout aidé à se faire une idée de la compréhension dans la matière.
Les cours en général des deux semestres étaient difficiles à suivre et la compréhension dans les matières dépendaient totalement de la qualité du TP ou TD.
Les cours les plus difficiles à suivre à ce semestres sont Logiciel libre et génie logiciel, le format est dur à suivre et les pauses que le profs donne (ce qui est une très bonne idée) ne compense pas la difficulté à garder mon attention pendant le cours."	Au premier semestres on en a parler à certain prof mais ils ont en générale refusé de changer de format. (Le cours de Compilation n'est passé accessible en distanciel qu'au dernier moment et j'ai du loupé pas de cours et le prof à refuser catégoriquement de me donner un support). La plupart des questions qu'on posait dans cette matière n'étaient pas répondu ou répondu par une toute autre question ce qui n'aidait absolument pas. En circuit et architecture les réponses des profs étaient souvent méprisantes et ils se permettaient des remarques ou des réflexions méchantes et gratuites quand on leur posait des questions par mail.						X	Circuit architecture, mépris et réflexions, et pas de réponse aux questions en Compilation	"Je pense que la qualité des cours à vraiment varié en fonction de l'implication des profs dans leur cours. Certaines matière très difficiles et très dur à suivre l'était du fait de la situation et des spécificité de la matière (comme algo) et pas de l'implication des profs.
Certaines autres matières on été très difficile à suivre à cause de certains professeurs qui étaient pas du tout respectueux et qui ne prenait en rien en considération les difficultés que chacun devait traverser. Ces matières (en particulier Compilation et Circuit et Architecture) on été fatigante à suivre. Les profs se sont moqués de nous pendant l'examen de Circuit, parlaient et rabaissaient les élèves qui posaient des questions.  "
30	M1	"Preuve assisté par ordinateur (surtout les TDs).

Je n’aime pas vraiment les autres cours à distance surtout les obligatoires qui sont dur à suivre vue que ce n’est pas des choses qui m’intéresse."	"Les cours en distanciel qui sont obligatoires et qui ne nous intéresse pas sont beaucoup plus difficiles à suivre. On perd encore plus rapidement la concentration. 
"	"Les bonnes pratiques à généraliser sont pour moi l’écoute des étudiant en petit groupes.
Les vidéos et les slides qui permettes de pouvoir relire et pouvoir poser des questions au prof si on a toujours pas compris "	Le cour de Base de donnée avancé est dur à suivre. Et quand on décroche du cour il est impossible de le rattraper, car aucune vidéo ou slides ne sont disponibles. 	Les slides du cour on été demander souvent en cour. Et l’enseignante est convaincue que donner les slides ne favorisera pas le travail.					X			
31	L3	Td logique/algo 	Les profs partagent leur écran durant toute la session, et corrige les tds en nous faisant participer. 	Partager les écrans pour que ce soit plus interactif	Td grammaire et tp réseau, parce qu'on nous laisse tout faire tout seul, le professeur corrige soit à l'oral/ou à l'ecrit. Très peu en partage d'écran, du coup c'est moins facile de comprendre. 	Oui, ils ont dit qu'il y avait pas besoin ou qu'il avait pas de correction à montré. 					X			
32	M1	TD de Base de donné avec Sylvain Schmitz	"Il prépare beaucoup de ressources en avance, ce qui aide beaucoup à suivre. Il utilise bien les outils mis a disposition par discord (langage md + emojis + réponses + reactions)
De plus, il donne des exercices a faire pour chaque semaine, et a envoyer par message privé. Il répond a tout les etudiants un par un, et cest exercices (pas tres long) nous fait travailler les points vus en cours et TD"		Il est tres dur de suivre attentivement les CM, quelque soit la matiere. Beaucoup de distractions causé par le distanciel				X					"Niveau cours, je dirais qu'on ne s'éloigne pas trop du contenu vu en présentiel.
Ce qui est très dur, c'est l'aspect social qui disparait COMPLETEMENT. "
33	L2	Toutes les matières ou il faut coder. Donc au premier semestre Programation oriente objet et au S2 Language C	C'est plus facile de travailler depuis son ordinateur, je me sens plus a l'aise	Difficile de les generalisé	Toute celles qui ce veulent plus mathematiques : AAL OL EA4 et les maths	Non		X	X					
34	L1	Aucun	Ce n'est pas facile de suivre à distance 	Rien	Tous, 2h d'affiler c'est beaucoup trop dur à faire chez vos mieux faire 1heures un jour 1heures un autres jours que 2 d'affilié c'est insoutenables. 	Non je ne parle pas aux enseignants on dirait qu'ils n'ont pas nôtres temps et s'agace vite. 			X					2heures d'affilié c'est beaucoup trop. 
35	L2	Les TPs et les TD de mathématiques	Possibilité de poser des questions tout au long de la semaine pour les TPs via discord. Replay des TDs en maths et prof intéressant à réécouter	Le replay des cours	Outils logiques, EA car parfois très abstrait.	Pas spécialement				X				
36	L2	Les maths, AAL, OL, LC4, POO					X	X						Beaucoup d'étudiants lâchent les cours en ce moment, il y a des soucis d'organisation etc... vivement qu'on en sorte vivant de cette période
37	L2	Les cours de Tp à distance ont été une bonne chose à distance.	On travaille à son rythme et chez soi. On a pas l’impression de venir pour rien. Si on a des question les professeurs nous répondent et on ressent pas la pression de devoir finir dans un temps donné tout le tp.	Je pense que passer les tp à distance est une bonne chose en informatique. Toutefois je pense que certains élèves préfèrent en presentiel. Il faudrait alors peut être laisser le choix à chacun.	"Les cours de TD sont difficiles à suivre à distance. C’est le seul cours où j’apprends le plus. Malheureusement a distance il y a la famille qui fait du bruit et ça empêche de son concentrer. En plus de cela on peut facilement se perdre sur internet et ne pas écouter. En présenciel, j’ai ce respect à écouter le professeur qui me parle et je ne touche pas à mon téléphone. Or a distance on a l’impression de suivre une vidéo au sujet difficile et on décroche.
Concernant les cours magistraux, je ne les suis pas car la majorité des professeurs ont un micro déplorable. Ce n’est pas du tout agréable de suivre un cours où la voix est saturée ou si il y a des coupures à causes d’une mauvaise connexion."	Non je n’ose pas en parler. J’ai du mal à suivre et ce n’est pas forcément facile d’en parler. Sur les 200 élèves on se sent insignifiant et personnellement je ne me vois pas déranger un professeur pour moi. Je ne vois pas non plus ce que mes enseignants pourront faire. On est tous dans une situation difficile.						X	Les professeurs répondent toujours rapidement je trouve. Le problème vient sûrement de moi, car je n’ose pas envoyer de mail.	"Il serait intéressant d’organiser quelque chose (comme un questionnaire) pour avoir des nouvelles des étudiants qui, comme moi, n’ose pas parler de décrochage ou d’autres problèmes. 
J’ai un peu décroché mais je ne sais pas vers qui me tourner. J’ai beaucoup de retard à rattraper et je ne sais pas si je vais réussir.

Après je pense que l’université fait de son mieux pour que tout se passe bien et s’occuper de tous ses étudiants est un gros travail."
38	L2			"Sylvain Périfel et Chaitanya Leena Subramaniam font des petites pause au milieu de leur cours et font des petits quizz toutes les 45 minutes environ pour nous garder éveillés.
Avoir une tablette pour écrire, et un bon micro pour qu'on puisse entendre.

M Borchier fait des cours d'1h30 à 1h45 au lieu des deux heures. C'est très bien parce qu'on ne peut pas se concentrer plus que ça. Il faut souvent des ""pauses"" d'une ou deux minutes pendant lesquelles il attend des questions (mais personne n'en pause) donc on peut aussi souffler au milieu"	"Le mardi on a 3 amphis à la suite : maths, algo et C. C'est super lourd, surtout que Dominique Poulhalon déborde toujours de 30 minutes : on se retrouve avec 4h30 d'amphi à la suite sans aucune pause. C'est super hypocrite, surtout qu'on nous a décalé son cours de 15 minutes plus tôt pour avoir une pause plus grande : elle nous sucre tout. A chque fois qu'on lui fait remarquer, elle nous dit qu'elle ne peut pas arrêter maintenant : c'est son boulot de faire un cours qui tienne en 2 heures et pas plus.
Elle a aussi un micro pas très bon et/ou une connection pourrie et c'est affreux de ne rien entendre, ou d'avoir un son super coupé, surtout quand, comme moi, on est obligé d'écouter avec un casque parce qu'on vit avec d'autres gens.

Même chose avec Maxime Bombar qui fait les TD de EA : il déborde aussi systématiquement et s'excuse que c'est pas sa faute. Sauf que si, et nous on se retrouve avec 4h15 de cours dans pause d'affilé.

Wieslaw Zielonka a un micro pourri et c'est encore insupportable à écouter avec un casque."	Mme Poulhalon et M Bombar disent que c'est pas de leur faute, alors que si !!				X				
