"Les étudiant.e.s face à la crise sanitaire - juin 2021"	""	""	""	""	""	""	""	""	""	""	""	""	""	""	""	""	""	""	""	""	""	""	""	""	""	""	""	""	""	""	""	""	""	""	""	""	""	""	""	""	""	""	""
"Détails de la soumission"	""	""	""	""	""	""	""	""	""	""	"Vous êtes"	""	""	""	""	""	""	""	"Avez-vous eu des problèmes de communication"	""	""	""	""	""	""	""	""	"Auriez-vous souhaité "	""	""	""	""	""	""	""	""	""	""	""	""	""	""	""
"Séquentiel"	"SID"	"Heure de soumission"	"Heure de complétion"	"Heure de modification"	"Brouillon"	"Adresse IP"	"UID"	"Nom d'utilisateur"	"En quelle année êtes-vous ?"	"Avez-vous suivi le cours AST ?"	"une femme"	"un homme"	"une personne non-binaire"	"autre"	"ne souhaite pas répondre"	"Avez-vous ressenti une amélioration ou une détérioration des conditions d'enseignement ce semestre par rapport au semestre précédent ?"	"Quels cours avez-vous le plus aimés ? Avec quels professeurs ?"	"Quels cours avez-vous le moins aimés ?"	"avec un.e enseignant.e ?"	"avec l'administration ?"	"non aucun"	"Avez-vous des commentaires au sujet de la communication ?"	"Quels outils avez-vous préférés pour les cours en distanciels ?"	"Y'a-t-il des éléments du distanciel que vous souhaitez garder ?"	"Si on devait repasser en distanciel l'année prochaine, quels cours devraient être gardés en priorité en présentiel ?"	"D'après vous, le cours a-t'il respecté le programme présenté en décembre 2020 ?"	"Ce cours vous a-t'il aidé à mieux comprendre ce qu'un compilateur fait ?"	"plus d'applications industrielles ? (par ex plus de TP sur infer)"	"plus de fondamentaux ? (par ex comment définir l'interprétation abstraite de pointeurs)"	"Si on organisait un cours ""AST 2 : Harder, better, faster, stronger"" sur l'interprétation abstraite du bytecode Jave, est ce que vous le feriez ?"	"Avez-vous trouvé intéressantes les notes sur l'histoire du sujet et les pointeurs vers les articles ?"	"Auriez-vous souhaité commencer le cours avec un background plus important en sémantique de langages de programmation et/ou en Ocaml ?"	"Autre chose à dire à propos de ce cours ?"	"Avez-vous eu des difficultés financières cette année ?"	"Avez-vous eu recours à des aides alimentaires cette année ?"	"Si vous aviez besoin d'une aide alimentaire, sauriez-vous où vous adresser ?"	"Voulez-vous écrire un témoignage sur vos conditions de vie ?"	"Vous sentez-vous épanoui.e dans vos études ?"	"Avez-vous ressenti l'envie d'arrêter vos études pendant ce semestre ?"	"Avez-vous consulté un.e psychologue ou psychiatre au cours de ce semestre ?"	"Si demain vous ressentiez le besoin de consulter ou d'être pris.e en charge, sauriez-vous à qui vous adresser ?"	"Vous sentez-vous isolé.e socialement ?"	"Un dernier mot à nous dire ?"
"1"	"8848141"	"04/06/2021 - 16:37"	"04/06/2021 - 16:37"	"04/06/2021 - 16:37"	"0"	"0.0.0.0"	"0"	"Anonymous"	"L2"	""	""	"X"	""	""	""	"Larges améliorations. 
On attend juste une reprise 100%"	"C'est particulièrement grâce à la matière et au fait qu'elle soit en présentiel pour les TD, mais Eléments d'algorithmique."	"Outils Logiques, mais en révisant pour les examens j'ai apprécié la matière.
Je pense donc que c'est à cause du distanciel."	"X"	""	""	""	"BBB est moins interactif que Discord, mais Discord n'est pas parfait pour donner des cours. En clair, un outil où on peut participer autrement que par seulement la parole (je sais que c'est possible par BBB etc, mais c'est rare) "	"Les vidéos de rediffusion m'ont littéralement sauvé la vie pour Outils Logiques
"	"Tous "	"Non"	""	""	""	""	""	""	""	"Oui"	"Non"	"Oui"	""	"Non, pas vraiment"	"Oui"	"Non"	"Je ne suis pas sûr.e"	"Oui, beaucoup"	"Vive le présentiel"
"2"	"8853499"	"05/06/2021 - 10:33"	"05/06/2021 - 10:33"	"05/06/2021 - 10:33"	"0"	"0.0.0.0"	"0"	"Anonymous"	"L1"	""	""	"X"	""	""	""	""	""	""	"X"	"X"	""	""	""	""	""	""	""	""	""	""	""	""	""	"Oui"	"Non"	"Non"	""	"Non, pas vraiment"	"Oui"	"Non"	"Je ne suis pas sûr.e"	"Oui, un peu"	""
"3"	"8853529"	"05/06/2021 - 10:37"	"05/06/2021 - 10:37"	"05/06/2021 - 10:37"	"0"	"0.0.0.0"	"0"	"Anonymous"	"L2"	""	""	"X"	""	""	""	"Ce semestre, les conditions d'enseignement étaient difficiles avec seulement un jour en présence par semaine, ce qui selon moi n'était pas du totu assez."	"J'ai le plus apprécié les cours d'Elements d'Algorithmique avec Camille Combe"	"J'ai moins aimé le cours d'Outils Logiques à distance avec Amélie Gheerbrant, car malgré que la professeur explique bien, la matière était très complexe et je trouve que 2h30 d'affilés de cette matière sont durs à suivre"	""	""	"X"	""	"Discord"	"La possibilité de revisionner les amphis et les séances de TD"	"Tous :)"	""	""	""	""	""	""	""	""	"Non"	"Non"	"Non"	""	"Non, pas vraiment"	"Oui"	"Oui"	"Oui"	"Oui, un peu"	""
"4"	"8853651"	"05/06/2021 - 10:54"	"05/06/2021 - 10:54"	"05/06/2021 - 10:54"	"0"	"0.0.0.0"	"0"	"Anonymous"	"L1"	""	"X"	""	""	""	""	"Il n’y a pas vraiment eut de changement."	"Les cours de Concept Informatique avec Daniela Petrisan."	"Les cours d’Initiation à la Programmation 2."	""	""	"X"	"Non, je n’ai pas vraiment eut de problème à ce niveau là."	"BBB et discord , les cours enregistré ne permettent pas de poser de questions. Donc n’importe quel cour qui permette une réel interaction avec le professeur est bien."	"Les serveurs discord car les réponses aux questions des élèves sont publics et les profs y répondent aussi plus rapidement."	"Les TP devront être en presentiel et ce qui concerne les CM en général, ils peuvent être en distanciel tant que les professeurs choisisse une plateforme interactif."	""	""	""	""	""	""	""	""	"Non"	"Non"	"Oui"	""	"Non, pas vraiment"	"Oui"	"Non"	"Je ne suis pas sûr.e"	"Oui, un peu"	"Cette année n’a pas été facile et je pense que les professeurs auraient du mettre tout en œuvre pour que les élèves réussissent (et je ne parle pas de donner des points gratuitement ou de laisser tout le monde passer). Cependant, organiser plus de contrôle continu, de séance de question - réponse, donner des corrections d’annale pour que les élèves puissent s’entraîner n’auraient pas été du luxe. Globalement très peu de profs ont fait cela, je comprends que les profs veulent préserver “l’intégrité du diplôme” mais je pense qu’ils auraient également pu le faire même en organisant des contrôle, parce que basé la note finale sur 2 notes n’est pas corrects. "
"5"	"8853677"	"05/06/2021 - 10:57"	"05/06/2021 - 10:57"	"05/06/2021 - 10:57"	"0"	"0.0.0.0"	"0"	"Anonymous"	"L1"	""	""	"X"	""	""	""	"Non"	"IP2"	"Mathématique parce que c'est une matière détestable"	"X"	"X"	""	"Avec l'administration j'ai l'impression qu'on est mis au courant un peu trop tard parfois, et pour les enseignants certains de mes mails n'ont surement jamais été lu ni ouvert donc bon"	"BBB"	"Les serveurs discords sont des bonnes choses, certains professeurs sont souvent présent pour les questions sur discord, et discord peut aussi être un lieu de partage entre étudiant (surtout que l'on peut plus facilement rencontrer des personnes d'autres classes et avoir leur ""point de vu"")."	"Mathématique parce que c'est déjà assez imbitable comme ça donc à distance c'est encore pire..."	""	""	""	""	""	""	""	""	"Non"	"Non"	"Oui"	"Non"	"Oui, un peu"	"Non"	"Non"	"Oui"	"Non, pas du tout"	"Merci a tous pour cette année FORMIDABLE, j'ai choisi l'informatique au pif et j'ai bien fait (rien a voir), cependant je trouve que le fonctionnement du cours IO2 est a revoir, quand on nous apprend 2 semaines avant le rendu final l'existence des clé étrangères alors que nos bases de données sont déjà mises en place depuis un voir deux bon mois, je trouve cela un peu ridicule ... Enfin bon j'ai quand même passé une bonne année, et la filière me plait (C'est quand même grave dur l'informatique !). "
"6"	"8853751"	"05/06/2021 - 11:09"	"05/06/2021 - 11:09"	"05/06/2021 - 11:09"	"0"	"0.0.0.0"	"0"	"Anonymous"	"L2"	""	""	"X"	""	""	""	"Pas vraiment."	"Les TP de c était pas mal surtout avec la prof du groupe 6 qui était la pour nous aider."	"Je dirai le cours de EA4, ce qui est étonnant vu que nos td était très bien, on comprenait vraiment toute les notions avec Mr Giovanni, mais les amphis de EA4 était beaucoup trop long et les diapos également. Notamment je pense aux 30 diapos utilisées pour le déroulement de l'algorithme de ""tri sélectif"" (cours 4). Les tps étaient intéressant mais le temps de rendu était souvent inadaptés notamment pour les deux derniers tps, aussi ces tps avait des énoncés un peu compliqué à comprendre par moment sans trop d'exemple pour illustrer ce que les profs attendaient. "	""	""	"X"	"La communication pendant cette période était assez flou, je ne blâme personne car c'est vrai que c'est dur d'organiser des cours dans de telles conditions"	"Moodle, discord et BBB"	"Mettre en place un serveur discord pour le module semble être une bonne idée, cela permet de contacter plus facilement les étudiants de notre promotion.
Egalement pouvoir parler en mp ou dans un salon général est souvent plus rapide et efficace que de parler par mail.
"	"Tous les modules qui ne concernent pas la programmation, notamment je pense au maths ou au matière de logique.
"	""	""	""	""	""	""	""	""	"Non"	"Non"	"Non"	"J'apprécie ma vie sur le campus des Grands Moulins "	"Oui, un peu"	"Non"	"Non"	"Je ne suis pas sûr.e"	"Oui, un peu"	"Pour conclure, je dirai que j'ai passé une bonne année, voila, zoubie à vous et merci de ce sondage."
"7"	"8853900"	"05/06/2021 - 11:34"	"05/06/2021 - 11:34"	"05/06/2021 - 11:34"	"0"	"0.0.0.0"	"0"	"Anonymous"	"L3"	""	""	"X"	""	""	""	"Une détérioration dû à la distanciation en grande partie"	"Les cours de Programmation Reseaux avec M. Sangnier, il répondait à des questions avec une pointe d'humour de temps en temps, ce qui donnait une bonne atmosphère aux séances de cours. Mais le plus important était qu'il avait fait des cours complets en pdf et vidéos assez compactes, avec des exemples précis, ce qui nous permettait de suivre quand on voulait dans la semaine, pour faire les TPs ensuite.
En TP avec Mme. Micheli, surtout en présentiel, les séances étaient très agréables, elle nous aidait lorsqu'on avait des difficultés, et nous expliquait en détail les problèmes rencontrés."	"Les cours de Programmation Web (M. Padovani) et Langage de Script (M. Zacchiroli), malgré le fait qu'ils expliquaient et envoyaient des réponses aux questions de TP, les séances paraissaient vides, avec des professeurs quasi fantômes, c'était décourageant, et démotivant.
Je comprends néanmoins que c'est très dur de parler tout seul dans le vide sans recevoir de réponses ni de réactions, et que c'est également en partie de la faute des étudiants."	""	""	"X"	""	"Définitivement les cours sur discord, on peut communiquer, partager son écran, se réunir dans des plus petits groupes, le tout facilement, et on peut également laisser une trace en messages, épinglable, ce qui nous permet de revoir facilement des points du cours si on a des doutes.
De plus, cela rend la communication avec certains professeurs beaucoup plus simple et pratique, nos questions sont posées et repondues en public, et tout le monde y en profite."	"Les serveurs discord ainsi que des vidéos compactes, ou pdf cours, qui récapitule le cours, surtout les points importants.
Je trouves personnellement que c'est les 2 choses qui m'ont le plus aidé pour comprendre les cours."	"Les cours de TP, c'est là où on apprend le mieux, car on peut pratiquer, et on est encadré si on rencontre des difficultés."	""	""	""	""	""	""	""	""	"Non"	"Non"	"Non"	"Stressante"	"Oui, un peu"	"Oui"	"Non"	"Je ne suis pas sûr.e"	"Oui, un peu"	"C'était vraiment une année difficile en charge de travail et de stress, pour la plupart d'entre nous, nous avions eu 8 à 10 projets environ au cours de cette année (de longueur variée), 10 pour ma part, et c'était difficile de suivre les cours, faire les TPs, en même temps travailler sur plusieurs projets différents, et d'essayer de comprendre les subtilités dans tous les cours, c'était vraiment difficile, et mal à vivre.

J'ai personnellement la chance de ne pas avoir eu trop de difficultés à la maison, c'est à dire, je n'ai pas vraiment eu de problèmes alimentaires, ni d'activités qui nécessite énormément de temps (certains avaient d'autres cours extra-scolaires, ou bien un travail), du coup j'ai pu finir plus ou moins tout les projets juste en sacrifiant quelques heures de sommeil, mon mental et la difficulté de suivre les cours du lendemain matin.
Pourtant cela restait limite niveau timing, on avait une overdose de travail, ce qui pouvait rendre certains projets baclés, et malgré tout cela, on finissait juste à temps peu de temps avant les débuts des examens. Autant vous dire qu'on n'a pas pu réviser énormément, et sinon se préoccupait plus à faire des fiches utiles pour les examens, car on avait l'autorisation (MERCI) d'avoir plusieurs feuilles de notes aux l'examen.

Bref c'était une année très stressante et chargée, mais les professeurs nous notaient en grande partie, assez généreusement, ce qui nous a rassuré et aidé.

Un grand merci à toute l'équipe pédagogique, pour le travail fourni, qui ont dû souffrir autant que nous, et un grand merci également aux étudiants pour votre travail acharné, et surtout à ceux qui essayaient de leur mieux d'aider les autres sur discord."
"8"	"8853940"	"05/06/2021 - 11:41"	"05/06/2021 - 11:41"	"05/06/2021 - 11:41"	"0"	"0.0.0.0"	"0"	"Anonymous"	"L2"	""	""	"X"	""	""	""	"Détérioration "	""	"Outils logique. Même si le professeur était bien la matière n’est pas interessante en distanciel. "	""	""	"X"	""	"Discord et BBB"	"Les tests d’auto-évaluation"	"Outils logique et les TDs d’Élément Algorithme "	""	""	""	""	""	""	""	""	"Oui"	"Non"	"Non"	""	"Non, pas vraiment"	"Oui"	"Non"	"Non"	"Non, pas vraiment"	""
"9"	"8853951"	"05/06/2021 - 11:43"	"05/06/2021 - 11:43"	"05/06/2021 - 11:43"	"0"	"0.0.0.0"	"0"	"Anonymous"	"L3"	""	""	"X"	""	""	""	"Moi en fait j'aime pas les cours pas distances et aussi il nous donné des projet + examens final pour note la moyenne des modules j'ai pas aimé j'aurais aimé avoir 2 ou 3 cc pour connaître notre niveau avant l'examen "	"Je me rappelle pas des nom des prof mais j'ai aimé langage script et un peu web"	""	""	""	"X"	""	"Discord et zoom"	"Discord et zoom "	""	"Non"	"trois"	"X"	"X"	"Non"	"Oui, les deux"	"Non, j'avais assez de connaissances sur les deux sujets"	""	"Oui"	"Non"	"Oui"	""	"Oui, un peu"	"Oui"	"Non"	"Non"	"Oui, un peu"	""
"10"	"8853971"	"05/06/2021 - 11:47"	"05/06/2021 - 11:47"	"05/06/2021 - 11:47"	"0"	"0.0.0.0"	"0"	"Anonymous"	"L1"	""	""	"X"	""	""	""	"Non"	"IP2 en tp avec daniela petrisan. Elle était très à l'aise dans son cours et dans la façon d'enseigner. Ses explications étaient très clair. Elle faisait aussi participer tous les étudiants."	"Internet et outils car comme il n'y avait pas de tp noté, je ne suis pas allé dans tous les tp et cela m'a fait décrocher la matière"	""	""	"X"	"Non"	"Bbb"	"Avoir accès aux poly en ligne et avoir accès à l'enregistrement de l'amphi (même si c'est plusieurs jours après pour ne pas inciter les élèves à ne pas assister aux amphis)"	"Programmation "	""	""	""	""	""	""	""	""	"Non"	"Non"	"Non"	""	"Oui, beaucoup"	"Non"	"Non"	"Oui"	"Non, pas vraiment"	"Le discord de votre association est cool pour partager et s'aider, gardez ce serveur :)"
"11"	"8854048"	"05/06/2021 - 11:58"	"05/06/2021 - 11:58"	"05/06/2021 - 11:58"	"0"	"0.0.0.0"	"0"	"Anonymous"	"L1"	""	"X"	""	""	""	""	"pour moi , la majorité des Cours c est bien passé, j ai eu des cours que j ai grave galéré aussi comme l'IP2,  cours auquel on devrait regardé des vidéos de plus de 50 minutes sur YouTube , et ça passé pas si bien ; je l dis bien c est pas la faute du prof mais je parle de mon cas je me sens démotivé , c est comme si tu passe 1h de ton temp a regardé un film que toi même t aime pas , au bout de quelques minutes tu arrêtes tu te dis ça sert à rien et avec ça je me suis retrouvé avec plusieurs cours à découvrir toute seule et là c est la catastrophe "	"pour moi j ai grave aimé les cours de TD et TP "	"les Cours magistraux je vois pas à quoi ça sert "	""	""	"X"	""	"j ai beaucoup aimé Discord mais aussi BBB"	"les Serveurs Discord"	""	""	""	""	""	""	""	""	""	"Non"	"Non"	"Oui"	"niveau financiere  , j ai pas à me plaindre"	"Non, pas vraiment"	"Oui"	"Non"	"Je ne suis pas sûr.e"	"Oui, beaucoup"	"cette année , en tant que première année d'université , j ai pas vraiment kiffé , c'était pas du tout ce que je croyais de la fac mais on s'adapte  :("
"12"	"8854061"	"05/06/2021 - 12:00"	"05/06/2021 - 12:00"	"05/06/2021 - 12:00"	"0"	"0.0.0.0"	"0"	"Anonymous"	"L2"	""	"X"	""	""	""	""	""	""	""	"X"	""	""	""	""	""	""	"Oui"	""	""	""	""	""	""	""	""	""	""	""	"Non, pas vraiment"	"Oui"	"Non"	"Je ne suis pas sûr.e"	"Non, pas vraiment"	""
"13"	"8854135"	"05/06/2021 - 12:14"	"05/06/2021 - 12:14"	"05/06/2021 - 12:14"	"0"	"0.0.0.0"	"0"	"Anonymous"	"M1"	""	""	"X"	""	""	""	""	""	""	""	""	"X"	""	"BBB était le mieux.
Gather Town était intéressant, mais pas forcément le plus pratique."	""	""	""	""	""	""	""	""	""	""	"Non"	""	""	""	"Oui, un peu"	"Non"	"Non"	"Non"	"Oui, un peu"	""
"14"	"8854179"	"05/06/2021 - 12:23"	"05/06/2021 - 12:23"	"05/06/2021 - 12:23"	"0"	"0.0.0.0"	"0"	"Anonymous"	"L1"	""	""	"X"	""	""	""	""	""	""	""	""	"X"	""	""	""	""	""	""	""	""	""	""	""	""	"Non"	"Non"	"Non"	""	"Non, pas vraiment"	"Non"	"Non"	"Non"	"Oui, un peu"	""
"15"	"8854373"	"05/06/2021 - 13:06"	"05/06/2021 - 13:06"	"05/06/2021 - 13:06"	"0"	"0.0.0.0"	"0"	"Anonymous"	"L2"	""	""	"X"	""	""	""	"Pas particulièrement."	""	""	""	""	"X"	"J'ai eu toutes les informations nécessaires."	"Galène (que nous utilisions en OL) est très bien."	"La possibilité de regarder l'amphi après grâce aux enregistrements."	"Le plus gros avantage pour moi du présentiel est la motivation qu'on retire de travailler en groupe, donc les plus difficiles."	""	""	""	""	""	""	""	""	"Non"	"Non"	"Oui"	""	"Oui, un peu"	"Oui"	"Non"	"Je ne suis pas sûr.e"	"Non, pas du tout"	""
"16"	"8854505"	"05/06/2021 - 13:31"	"05/06/2021 - 13:31"	"05/06/2021 - 13:31"	"0"	"0.0.0.0"	"0"	"Anonymous"	"L2"	""	"X"	""	""	""	""	"Pas specialement"	"Pas d'avis "	"Pas d'avis juste des matières qui ont été gâché par le distancié comme la logique "	""	""	"X"	""	"Pas d'avis mais discord peut être chiant quand le groupe n'est pas mâture : des gens qui parlent en plein milieu ça va 2minutes mais stop. "	"Les pdf sur moodle c'est important "	"La logique, les maths : cad les matières où une très bonne compréhension est importante "	""	""	""	""	""	""	""	""	"Non"	"Non"	"Non"	""	"Non, pas vraiment"	"Non"	"Non"	"Non"	"Oui, un peu"	"J'espère que ça va vite se terminer parce que je suis à bout mentalement mdr. "
"17"	"8854845"	"05/06/2021 - 14:40"	"05/06/2021 - 14:40"	"05/06/2021 - 14:40"	"0"	"0.0.0.0"	"0"	"Anonymous"	"L1"	""	""	"X"	""	""	""	"C’était de pire en pire de mon côté, on avait le soutien des enseignants pour le premier semestre pour des notions types introduction mais arriver au deuxième semestre, la communication était super flou. De plus, j’avais une impression que l’on avait sauté plein d’étape d’un coup.. soit disant pour que l’on rattrape un retard.. mais ça n’a qu’empirer de plus en plus les cours ( j’étais en full distance )
J’ai ressenti un énorme vide entre ce qu’on a appris et ce que l’on a eux sur certains examens ( L1 info )"	"Tout les cours étaient en soit bien, on sentait qu’il y avait l’effort et l’envie des professeurs. Mais ces cours en distanciels ne valent pas les cours en presencielle "	""	""	""	"X"	""	"Discord le meilleur "	"Les liens en poly sur Moodle "	"IO2 et un peu IP2 "	"Non"	"trois"	""	""	""	""	""	""	"Oui"	"Non"	"Oui"	""	"Non, pas vraiment"	"Oui"	"Non"	"Je ne suis pas sûr.e"	"Oui, un peu"	""
"18"	"8855333"	"05/06/2021 - 16:21"	"05/06/2021 - 16:21"	"05/06/2021 - 16:21"	"0"	"0.0.0.0"	"0"	"Anonymous"	"M2"	"Non"	"X"	""	""	""	""	"Améliorations pour certains enseignants que j'avais eu au semestre précédent, mais la plupart des nouveaux enseignants avaient des pratiques équivalentes ou moins bonnes que leurs collègues."	"Au 1er : Le cours de BDD, le cours de POCA, le cours de NLP avec Mr Simoulin
Au 2d semestre : Le cours de MAAIN de Mr Perifel"	"Au 1er : Le cours d'Architecture des systèmes de base de données et le cours d'Introduction au Machine Learning (5h30 d'un coup c'est impossible de tenir jusqu'au bout)
Au 2d : Le cours d'Algorithmique répartie  de Mr Fauconnier "	"X"	""	""	"Pas ou peu d'information sur les problèmes rencontrés par les enseignant.e.s, informations tardives sur les modalités d'examen"	"BBB et Galene"	"Les polys en avance à tout prix
La mise en ligne d'un pdf du cours, correction des exercices
Les sessions de questions réponses libres "	"Tous, à défaut les cours d'algorithmiques qui sont imbitables à distance"	""	""	""	""	""	""	""	""	"Oui"	"Non"	"Oui"	"Ne recommenderai pas à un ami les conditions de cette dernière année"	"Non, pas vraiment"	"Oui"	"Oui"	"Oui"	"Oui, beaucoup"	"Ça ne devrait pas être aux étudiant.e.s de faire ces feedbacks, il faut absolument améliorer la communication entre enseignant.e.s et ne pas laisser toujours les mêmes s'occuper d'essayer de rendre la situation plus vivables pour les étudiant.e.s .  Merci à ceux.elles là, pas merci les autres qui essayent de noyer le poisson derrière des paroles vides de sens. "
"19"	"8855730"	"05/06/2021 - 17:27"	"05/06/2021 - 17:27"	"05/06/2021 - 17:27"	"0"	"0.0.0.0"	"0"	"Anonymous"	"L3"	""	""	"X"	""	""	""	"Des cours toujours mal adaptés, des tds un peu mieux qu'au premier semestre."	"Optimisation (Guillaume garrigos), programmation réseaux (Arnaud Sangnier), TDs Algèbre (Olivier Brunat), Algorithmique (François Laroussinie)"	"Intégration et série de Fourier, logique (cours parcours maths-info), les cm en mathématiques et quelques cm en info : format de cours non adaptés, les 2h de cours monotones ne passent pas mieux qu'au premier semestre, l'alternative de plusieurs petites vidéos (fait en one shot) auraient été bien pour ces matières, avec des séances de questions réponses d'une heure pour les intéressés."	"X"	"X"	""	"Je n'ai pas reçu ma carte étudiante, alors qu'on est en juin."	"Bbb et zoom pour les cours, discord pour les communications par rapport au cours"	"Les polys peuvent être bien oui, c'est un bon support."	"Les tds en mathématiques, les tps/tds en informatique. "	""	""	""	""	""	""	""	""	"Non"	"Non"	"Non"	""	"Oui, un peu"	"Non"	"Non"	"Oui"	"Oui, un peu"	"Ornithorynque"
"20"	"8856513"	"05/06/2021 - 20:32"	"05/06/2021 - 20:32"	"05/06/2021 - 20:32"	"0"	"0.0.0.0"	"0"	"Anonymous"	"M1"	""	""	"X"	""	""	""	"Détérioration du fait du distanciel, c'est vraiment compliqué de suivre les cours"	"Les TD de base de données avancée avec Sylvain Schimtz, ils étaient très préparés et interactifs"	"Base de données avancées"	"X"	"X"	""	"Pourquoi apprends ton les modalités d'évaluation de notre master juste avant le début de nos partiels ? (Notamment que l'anglais est considérée comme une UE à part qui ne compense rien, ou qu'il faut avoir 8 minimum à une matière. Pourquoi attendre la fin du 2eme semestre pour nous donner un rapport concernant toute l'année ???)"	"Discord"	"Les polys (quand on accepte de nous les donner mdr) "	"Tous"	""	""	""	""	""	""	""	""	"Non"	"Non"	"Non"	""	"Non, pas du tout"	"Oui"	"Non"	"Non"	"Oui, un peu"	"Tout ce qui s'est passé autour de Base de données avancée est honteux et vraiment limite, ça se voit que les enseignants ne sont pas là pour nous aider mais pour nous couler, y en qu'en France qu'on voit ca"
"21"	"8859026"	"06/06/2021 - 13:59"	"06/06/2021 - 13:59"	"06/06/2021 - 13:59"	"0"	"0.0.0.0"	"0"	"Anonymous"	"L1"	""	""	"X"	""	""	""	"Oui, j'ai ressenti une détérioration des conditions "	"Je ne peux pas mettre en évidence "	"Difficile de comprendre les explications "	""	""	"X"	"Je voudrais être plus informer "	"Moodle et zoom"	"Des liens "	"Les TDs"	""	""	""	""	""	""	""	""	"Oui"	"Non"	"Non"	""	"Non, pas vraiment"	"Oui"	"Non"	"Non"	"Oui, beaucoup"	"Je ressens de fortes inquiétudes quant au fait que je ne comprends pas beaucoup (en particulier les explications de certains enseignants), je suis isolé, je ne meurs pas de savoir comment construire correctement un plan d'apprentissage. "
"22"	"8860994"	"06/06/2021 - 20:18"	"06/06/2021 - 20:18"	"06/06/2021 - 20:18"	"0"	"0.0.0.0"	"0"	"Anonymous"	"L3"	""	""	"X"	""	""	""	"Non je n'en ai pas ressenti"	"Anglais avec madame Lindsey Paek, très bonne énergie, proche des élèves, donne envie de participer pour autre chose que la note."	"Base de donnée.
Explications confuses, chargé de TD très sympathique mais qui ne comprenait pas forcément beaucoup mieux que nous les corrections. "	"X"	""	""	"Un cours en distanciel sera toujours moins efficace qu'un cours en présentiel pour moi.
Bravo cependant à l'équipe pédagogique pour ces efforts.
Mais poser des questions et comprendre les réponses est bien plus dur en distanciel."	"Tous se valent, mais je suis plus habitué à discord."	"A vrai dire les serveurs discord sont pratiques pour diffuser des informations générales. Pour ce qui est des cours en général non."	"- Grammaire et Analyse
- Réseaux"	""	""	""	""	""	""	""	""	"Non"	"Non"	"Non"	""	"Oui, un peu"	"Non"	"Non"	"Non"	"Non, pas vraiment"	""
"23"	"8863173"	"07/06/2021 - 08:22"	"07/06/2021 - 08:22"	"07/06/2021 - 08:22"	"0"	"0.0.0.0"	"0"	"Anonymous"	"L1"	""	"X"	""	""	""	""	"Aucune amélioration "	"Le cours que j’ai le plus aimé c’est le cours de maths du semestre 1 avec Noé Cuneo."	"Les cours que j’ai moins aimés sont IS1 et IP1. Je trouve que les professeurs ont bâclé les notes. Par exemple nos tp n’ont pas été corrigés on a donc eu une note d’implication..."	""	""	"X"	""	"BBB était plus pratique"	"Non"	"La programmation !"	""	""	""	""	""	""	""	""	"Non"	"Non"	"Oui"	""	"Non, pas vraiment"	"Oui"	"Non"	"Oui"	"Oui, beaucoup"	""
"24"	"8863619"	"07/06/2021 - 09:04"	"07/06/2021 - 09:04"	"07/06/2021 - 09:04"	"0"	"0.0.0.0"	"0"	"Anonymous"	"L1"	""	""	"X"	""	""	""	"Plus de distanciel au deuxième semestre donc détérioration. "	""	""	""	"X"	""	"Peu de communication à part pour les contrôles. "	""	"Serveurs discord. "	"Mathématiques et Java. "	""	""	""	""	""	""	""	""	"Non"	"Non"	"Non"	""	"Non, pas vraiment"	"Oui"	"Non"	"Non"	"Non, pas du tout"	""
"25"	"8876205"	"07/06/2021 - 20:54"	"07/06/2021 - 20:54"	"07/06/2021 - 20:54"	"0"	"0.0.0.0"	"0"	"Anonymous"	"L2"	""	""	"X"	""	""	""	"Détérioration car le présentiel c'est important (mais les amphis à distance c'est une bonne idée)."	"OL4, M. Perifel présente bien les notions avec ses petits schémas, l'évaluation continue avec CC et DM permet de s'assurer qu'on acquiert bien les compétences sans mettre de pression par rapport à la note"	"EA4, la notation est étrange..."	""	""	"X"	"Non"	"Discord, Galene "	"Les serveurs Discord, l'enregistrement des séances, les CM sur Zoom/BBB"	"Les TP. Puis les TD."	""	""	""	""	""	""	""	""	"Non"	"Non"	"Non"	"Je ne suis pas à plaindre"	"Oui, beaucoup"	"Non"	"Non"	"Non"	"Oui, un peu"	"Le 100% distanciel c'est vraiment à éviter, on sature"
"26"	"8877208"	"07/06/2021 - 22:12"	"07/06/2021 - 22:12"	"07/06/2021 - 22:12"	"0"	"0.0.0.0"	"0"	"Anonymous"	"L1"	""	""	"X"	""	""	""	""	"Le cours ""concepts informatiques"" est mon gros coup de cœur pour ce semestre, des notions très intéressées et j’ai découvert la récursion que je connais que très peu. Le livre conseiller par la prof (Fondements de la programmation) que j’ai dévoré en précisant que le dernier livre que j’ai lue (sans y être obligé) dater de la primaire. PS : Daniela Petrisan qui fessait les CM et les TD pour mon groupe qui a fait du super boulot."	"Le cours « Internet et Outils » était très bon, mais j’ai été obligée d’utiliser PHP pour le projet de site web à rendre, j’ai notamment découvert ma HAINE de PHP. Les cours sont bon en soit mais MVC + PHP = BURNOUT."	""	""	"X"	""	""	""	""	"Oui"	""	""	""	""	""	""	""	"Non"	"Non"	"Oui"	""	"Oui, un peu"	"Non"	"Non"	"Oui"	"Oui, beaucoup"	""
"27"	"8907520"	"10/06/2021 - 00:32"	"10/06/2021 - 00:32"	"10/06/2021 - 00:32"	"0"	"0.0.0.0"	"0"	"Anonymous"	"L1"	""	""	"X"	""	""	""	"Plutôt une détérioration"	"Le TD d’IP2 avec Aziz Fouché, c’est très interactif et les explications sont très claires"	"IO2, j’aurais aimé avoir peut-être un petit TD avec de bonnes explications complémentaires, je me suis senti un peu comme si on m’avait d’office largué en TP (qui étaient un peu trop longs d’ailleurs)"	""	""	"X"	""	""	"Les polys et les serveurs discord sont vraiment utiles"	"Je ne saurais pas trop dire, en tout cas les cours de programmation et de maths (je suis en maths-info) me semblent essentiels au moins partiellement en présentiel"	""	""	""	""	""	""	""	""	"Non"	"Non"	"Non"	""	"Oui, un peu"	"Non"	"Non"	"Non"	"Oui, beaucoup"	"Je fais des phases maniaques depuis le début du semestre et j’ai eu du mal à valider parce que je n’avais pas la force d’aller en cours, j’espère que je ne passerai pas 3 années comme celle-là je ne le supporterai pas"
"28"	"8920203"	"10/06/2021 - 20:13"	"10/06/2021 - 20:13"	"10/06/2021 - 20:13"	"0"	"0.0.0.0"	"0"	"Anonymous"	"L1"	""	"X"	""	""	""	""	""	""	"Anglais "	""	""	"X"	""	"BBB était le meilleur "	""	""	"Oui"	""	""	""	""	""	""	""	"Oui"	"Non"	"Oui"	""	"Oui, un peu"	"Oui"	"Oui"	"Oui"	"Oui, beaucoup"	""
"29"	"8930119"	"11/06/2021 - 15:43"	"11/06/2021 - 15:43"	"11/06/2021 - 15:43"	"0"	"0.0.0.0"	"0"	"Anonymous"	"M1"	""	"X"	""	""	""	""	"une deterioration "	"programmation System avec Mr.Zielonka
Anglais de specialite avec Lindsay Peak"	" le cours de base de données , pas trop Clair et aucun support de cours fournit ,comment pouvoir reviser ses cours si on a aucun support?"	""	""	"X"	""	"BBB"	"les polys des cours et les serveurs discord"	"le cours de genie logiciel"	""	""	""	""	""	""	""	""	"Non"	"Non"	"Oui"	""	"Non, pas du tout"	"Oui"	"Non"	"Oui"	"Non, pas du tout"	""
"30"	"8930993"	"11/06/2021 - 16:34"	"11/06/2021 - 16:34"	"11/06/2021 - 16:34"	"0"	"0.0.0.0"	"0"	"Anonymous"	"L3"	""	""	"X"	""	""	""	"plutôt une amélioration."	"Difficile de dire, suivre les cours avec un casque sur les oreilles, des travaux en fond sonore, les conversation zoom de la compagne ne sont pas des conditions idéales, surtout quand on n'a pas pu sortir de la journée ni vu qui que ce soit d'autres. Dans l'ensemble je n'ai rien retenu des cours et me suis endormi à chaque séance. Très mauvaise idée d'enchainer 4 heures de cours en visio. J'ai bien aimé le cours de logique et la discussion de l'enseignant avec les élèves, dommage qu'il ait été extrêmement en retard sur les TD, qu'il ait donné des thèmes qu'on n'avait traité ni en cours, ni en TD au partiel. Le pdf de Logique était excellent, et l'ensemble des pdf en général étaient très bons, tant est si bien qu'il était préférable d'étudier sur le pdf, les questions d'examen portant plus sur ce cours que sur les TD qu'on avait fait.  Le cours de réseau était très bien également néanmoins les deux heures consacrées au cours étaient remplies par des questions réponses, ce qui implique qu'on doive trouver ces deux heures ailleurs, impossible pour un élève qui travaille."	"Les cours étaient égaux dans l'ensemble. Gros problème en TD d'algèbre avec M Brunat. M Brunat est une personne très gentille qui nous a fourni de très bonnes corrections d'exercices APRES les TD, son pdf d'algèbre du premier semestre était également très bien fait, néanmoins au cours des TD nous ne faisions clairement aucun exercice.  L'enseignant apprécie visiblement les leçons et pas la résolution d'exercices, et nous avons un désaccord pédagogique là dessus. Je crois que pour toucher du doigt les concepts un peu abstraits il faut commencer par mettre les mains dans le camboui du calcul et des recettes toutes faites, même si on les trouve ""bête"", jusqu'à ce que les jonctions se fassent dans l'esprit de l'élève, sans avoir à expliquer les grands principes avant. M Brunat pense l'exact opposé et semble s'imaginer qu'il est préférable de donner les principes généraux par oral pendant une heure, pour ensuite être capable de résoudre l'exercice en 2 coups de cuillères à pot. Si je vous donne une liste de 6 noms vous arriverez à vous en souvenir, si j'en rajoute 4 vous les oublierez tous, l'accumulation d'information n'a jamais été une bonne méthode pour enseigner, elle permet néanmoins de classer ceux qui ont une bonne mémoire et une bonne attention des autres. Dans l'ensemble on a été plutôt gaté dans nos enseignants, comme toujours à Diderot je dirais, même si j'ai aussi toujours l'impression que les MFA ont des chargés de TD bien plus rigoureux."	"X"	""	""	"c'était mieux, plus de git déjà. Mais par pitié forcez les enseignants à tout mettre sur moodle, même si ils le mettent ailleurs. Un dm a été annoncé à une poignée. Petit exemple des supports pour le 6 ème semestre uniquement, où les informations étaient différentes
Licence de maths: Moodle, Discord
Licence MI en plus, Moodle, Discord
Licence d'info, Moodle, Discord,
Réseaux: site personnel d'Arnaud Sangnier, Discord, QR sur Discord,
Analyse de donnée: site personnel d'Amélie Ger....je ne sais plus...rdt, Discord, Moodle, cours sur zoom.
Grammaire et Analyse syntaxique: site personnel de Ralf Treinen, Discord, Moodle, cours sur BBB .  
Algèbre:Moodle
ISF: Moodle, un des chargés de TD de MFA avait donné aussi des petits résumés sur son site personnel. C'est toujours bien d'avoir les corrections et les tip des autres, les TD était sur BBB, un responsable a jugé bon de mettre une identification ce qui a parfois causé des soucis, des problèmes avec firefox à un moment, ouverture de BBB avec chrome obligatoire, le bordel.
Logique: Moodle, cours sur ZOOM, TD sur un autre serveur ZOOM
Bref, quand on perd les identifiants d'un cours, c'est la mort, il faut remettre le doigt dessus, si ça se trouve il est dans un email, si ça se trouve il est sur moodle, que de complications inutiles, je crois qu'il faut imposer une plateforme unique et former les réfractaires par la force si il le faut."	"les polys, les TD."	"Les poly"	"je pense aller à l'encontre de l'idée commune, mais les cours magistraux plutôt que les TD. Un aspect également qui me faisaient beaucoup réviser en L2, des petits contrôles continus plus fréquents, et si en distantiel de PETIT dm, pourquoi pas non notés. Nous n'avons rien pratiqué cette année."	"Oui"	"Oui"	"X"	""	"Non"	"Oui, les notes sur l'histoire"	"Oui, les deux"	"je ne suis pas sûr d'avoir répondu au bon sondage, ça s'appelle AST mais ça ressemble vaguement à GAS, j'ai fait GAS, si c'est un cours différent n'en tenez pas compte."	"Non"	"Non"	"Oui"	"j'ai travaillé, ça me prend du temps et ça m'épuise."	"Oui, un peu"	"Oui"	"Non"	"Oui"	"Oui, beaucoup"	"Reformulez ce formulaire, les gens ne vont répondre à la section COURS en parlant des cours car il n'y a pas de section TD, heureusement que j'avais anticipé, décidément je suis vraiment trop fin psychologue. C'était trop dur cette année, et j'ai vraiment envie d'être en vacance, merci d'arrêtez de nous filez des projets impossibles pour les rattrapages à faire quand il fait 30 ° dehors et qu'on n'est pas sorti depuis 6 mois, surtout pour se taper un 8 au final. Et je ne suis pas d'accord avec les différentes pondérations entre projets et examens pour les différentes matières. Exemple, GAS est un cours assez théorique et on n'a jamais eu le temps de faire un TP complet, résultat des course projet exam 50/50. Réseaux est un cours entièrement tourné autour du projet, exam final de moine copiste, balance projet exam 50/50, t'avais qu'à écrire vite, bien fait pour ta pomme. "
"31"	"8982851"	"16/06/2021 - 12:45"	"16/06/2021 - 12:45"	"16/06/2021 - 12:45"	"0"	"0.0.0.0"	"0"	"Anonymous"	"L1"	""	""	"X"	""	""	""	"E"	"E"	"E"	""	""	"X"	"Z"	"Z"	"Z"	"Z"	""	""	""	""	""	""	""	""	"Oui"	"Non"	"Non"	""	"Non, pas du tout"	"Oui"	"Non"	"Non"	"Non, pas vraiment"	"Pourquoi les TP à faire, ne sont t’il pas ensuite corrigé par les professeurs et mis à disposition sur moodle ? Cela en aiderais plus d’un car aucun correction n’est faite et aucune trace de celle-ci n’est laisse, c’est dommage "
"32"	"9006369"	"17/06/2021 - 23:28"	"17/06/2021 - 23:28"	"17/06/2021 - 23:28"	"0"	"0.0.0.0"	"0"	"Anonymous"	"L1"	""	""	"X"	""	""	""	""	""	""	""	""	"X"	""	""	""	""	""	""	""	""	""	""	""	""	"Non"	"Non"	"Oui"	""	"Oui, un peu"	"Oui"	"Non"	"Oui"	"Non, pas vraiment"	"Non"
"33"	"9030635"	"21/06/2021 - 10:30"	"21/06/2021 - 10:30"	"21/06/2021 - 10:30"	"0"	"0.0.0.0"	"0"	"Anonymous"	"L1"	""	"X"	""	""	""	""	"Pas de changement entre les deux semestres "	"Les cours de CI avec madame Petrisan"	"Les cours d’IP qui fonctionnaient pas vidéos YouTube"	""	""	"X"	""	"Discord et BBB"	"Les serveurs discord permettent une communication public et plus rapide avec les professeurs "	"Les tp en général "	"Non"	""	""	""	""	""	""	""	"Non"	"Non"	"Non"	""	"Non, pas du tout"	"Oui"	"Non"	"Je ne suis pas sûr.e"	"Oui, un peu"	""
"34"	"9033300"	"21/06/2021 - 12:20"	"21/06/2021 - 12:20"	"21/06/2021 - 12:20"	"0"	"0.0.0.0"	"0"	"Anonymous"	"M2"	"Non"	"X"	""	""	""	""	""	""	""	""	""	"X"	""	""	""	""	""	""	""	""	""	""	""	""	"Oui"	"Non"	"Oui"	""	"Oui, un peu"	"Oui"	"Non"	"Oui"	"Non, pas du tout"	""
"35"	"9074139"	"24/06/2021 - 11:31"	"24/06/2021 - 11:31"	"24/06/2021 - 11:31"	"0"	"0.0.0.0"	"0"	"Anonymous"	"L2"	""	""	""	""	""	"X"	"amélioration, ca avait l'air d'etre mieux organiser, et on avait moins l'impressions que personne n'avait été preparer a l'eventualité du distanciel"	"outils logique avec melodie lapointe, elle essayait de bien nous expliquer et de voir ou on en étais avec des quizz"	"EA, les TP était trop long et vraiment nous balancer sur du python quand on a jamais fait avant c'était pas cool"	""	""	"X"	"j'aimerais bien qu'on ait un endroit avec toutes les info importante marquer
"	"discord de très loin, sinon BBB en deuxième"	"les serveurs discord c'était pas mal, "	"maths, et les cours a plus haut coef"	"Oui"	""	""	""	""	""	""	""	"Non"	"Non"	"Non"	""	"Oui, un peu"	"Oui"	"Oui"	"Oui"	"Non, pas vraiment"	""
